Parameter,mu,mu_star,sigma,mu_star_conf
HeatingCOP,-21.392497853554033,118.96284338806066,166.702490514743,38.66477358843212
CoolingCOP,6.8655033076972485,160.84969563333595,195.43511743055603,36.6154933121981
