Parameter,mu,mu_star,sigma,mu_star_conf
HeatingCOP,-116.786448769739,116.786448769739,163.15776602811434,168.40266811290894
CoolingCOP,-231.3614446666786,231.3614446666786,1.232675176582498,1.2830301175233072
AirLeakageLevel,1.3303034855175326,230.90277415752288,326.5458348031407,1.8341503897013356
SpecificFanPower,-230.90277415752288,230.90277415752288,1.8813332312910949,2.0044548198297605
