Parameter,mu,mu_star,sigma,mu_star_conf
Lighting,12.8954993738587,197.4318855339698,258.51600525252815,62.24909003496414
Lighting Dimmer Weekday,-81.55192867817256,159.14995215181543,216.41438431595031,68.77559965928349
Lighting Dimmer Weekend,12.274861265372106,170.5902631231802,239.89779498993363,57.14669039658712
