Parameter,mu,mu_star,sigma,mu_star_conf
HeatingCOP,-22.429369674855703,63.81260499333471,118.33861717676275,65.03200221477333
CoolingCOP,-63.11563859387648,146.01465079388487,171.24705698923137,59.81016475504498
Lighting,21.282760729688835,104.54803063174097,153.44555190578777,59.929000753488225
Roof Emissivity,20.185693559528723,146.277139634914,182.49357364729326,56.38894505211046
SpecificFanPower,-0.35734805692885346,83.6794688384581,138.84677897160046,64.21219394999281
Appliance,42.24808206585811,84.26607360472455,132.31514175533536,54.922764443836414
Window Emissivity,83.7373466750803,83.9256169291757,107.6502860245782,69.7658257263806
Window UValue,-20.929443163927964,146.3221587164596,182.69910922200052,58.066251012605726
Opaque UValue,-41.37328138471051,83.79718560586853,132.04653274424976,61.67947401686335
