Parameter,mu,mu_star,sigma,mu_star_conf
HeatingCOP,-93.74280904585962,93.74280904585962,126.07291478086155,97.40264273760488
CoolingCOP,-0.22132405095741206,92.62713571575317,163.40499222984892,98.69535418947868
AirLeakageLevel,93.1416231129704,185.0294561810881,206.4032296368375,82.06698607456347
SpecificFanPower,-45.73699377639472,231.23045696616228,253.41678458107344,0.5346641774254329
FanControlFactor,0.015007065040481393,92.78744946868797,163.54191338538217,90.93354436779896
Occupancy,92.3216658750479,93.19419893355006,127.1539432808291,98.16464380379786
Appliance,-46.209912793299054,138.8410329980227,193.21529857516836,110.3027581997141
Lighting,-138.2468293977583,138.61435452081855,126.62194905595538,98.89293736453926
