Parameter,mu,mu_star,sigma,mu_star_conf
HeatingCOP,37.5976643190501,39.14695205927484,94.37272392865825,69.80722219175938
CoolingCOP,76.51830217775009,77.58772077710051,119.59138235617246,85.31585287180262
AirLeakageLevel,0.656398067286176,77.36487440184527,145.78926641897428,87.89214994873693
SpecificFanPower,0.06525754594990474,77.30697998966458,145.9620656858344,85.82913571448607
