Parameter,mu,mu_star,sigma,mu_star_conf
HeatingCOP,-206.28594999664597,206.28594999664597,nan,1.119723220318108e-13
CoolingCOP,-0.3928667169976355,0.3928667169976355,nan,2.1869594146838046e-16
AirLeakageLevel,204.93062799695554,204.93062799695554,nan,1.119723220318108e-13
