Parameter,mu,mu_star,sigma,mu_star_conf
HeatingCOP,-77.22636345885351,108.03662229968826,142.58468664721815,57.76212364073818
CoolingCOP,45.97286559139777,200.15721712394082,217.31649475125033,41.99127193853968
AirLeakageLevel,-14.979079358273982,77.31824864328061,137.28481688453832,50.17470127324114
