Parameter,mu,mu_star,sigma,mu_star_conf
HeatingCOP,40.30186193434656,42.48513270077443,93.16967939910369,76.0979608526017
CoolingCOP,125.29830269501585,125.69179583542117,114.80026141800057,91.03939973082366
Lighting,83.72695649341141,167.71847185121652,187.17501651347393,72.7827654515795
Roof Emissivity,84.23574990716091,167.16426719846066,186.10882890381663,82.39020409036019
SpecificFanPower,41.2138685117818,125.79335387798294,175.28369416897027,92.74866116071655
Appliance,-41.60090972132636,208.94840165878887,228.93580855019366,0.6018239234086225
Window Emissivity,124.83446156667067,125.84233412526196,115.10911421291492,89.07609080644262
Window UValue,126.06511909900703,209.3119687045593,186.81408335450135,0.5698603589352486
Opaque UValue,-82.89671385612253,167.0566405761688,187.0260414610278,71.54377428381946
