Parameter,mu,mu_star,sigma,mu_star_conf
HeatingCOP,153.51224580819834,154.0397641393074,133.63077658501834,125.36197672471341
CoolingCOP,0.1088706316594994,153.91045766964598,230.8531476807972,127.71904036680675
