,HeatingCOP,CoolingCOP,output
0,0.7625422846938259,4.680506275641941,153.58028369965928
1,0.7500421294427663,4.670124715362455,153.8109830059328
2,0.7443064809871692,4.700603786958094,153.7407757400475
3,0.740883437547331,4.688061457058283,153.85443689308087
4,0.7354434481569629,4.681359830836909,153.96962175180576
