,CoolingCOP,AirLeakageLevel,FanControlFactor,output
0,4.676837438559477,1.9909840510662296,0.8440398299895141,153.7504373200812
1,4.669899835225711,1.9921117791958127,0.21420593946162675,153.79761876295382
2,4.694751709976715,2.0026318443052746,0.5124146490876689,153.7842457531313
3,4.68691425163356,2.002352606935837,0.7332813782340413,153.82073284284826
4,4.6853739786175845,2.0130546767965947,0.012473326819770692,153.943755927491
