,HeatingCOP,CoolingCOP,AirLeakageLevel,output
0,0.7415138607123849,4.6841542898512865,1.9892491914465178,153.74965952729534
1,0.7449757623562392,4.703694986566274,2.0077797087579294,153.79900223693397
2,0.7341539733801746,4.659954745023657,1.9991115684923058,154.0881852636886
3,0.7490641379018673,4.686764355692635,2.0102165556516725,153.85002185433092
4,0.7569686465517493,4.678959280760051,1.9968435052035716,153.63361517274583
