,HeatingCOP,CoolingCOP,output
0,0.9794166724989235,4.683064714974421,151.20166170361156
1,0.971839441635866,4.697553025160746,151.1935090221617
2,0.9901749462424857,4.688761206211679,151.08252984813765
3,0.9641436589384195,4.677427088253081,151.3619550151623
4,0.9837746195668637,4.666129421447807,151.2507252483109
